workload,size,backend,attempts,successful,runtime_ns_mean,runtime_ns_median,runtime_ns_stdev,runtime_ns_cv,runtime_ns_min,runtime_ns_max,build_ms_mean,build_ms_median,build_ms_stdev,build_ms_cv,build_ms_min,build_ms_max,render_ms_mean,render_ms_median,render_ms_stdev,render_ms_cv,render_ms_min,render_ms_max,kernel_compile_ms_mean,kernel_compile_ms_median,kernel_compile_ms_stdev,kernel_compile_ms_cv,kernel_compile_ms_min,kernel_compile_ms_max,wrapper_compile_ms_mean,wrapper_compile_ms_median,wrapper_compile_ms_stdev,wrapper_compile_ms_cv,wrapper_compile_ms_min,wrapper_compile_ms_max,link_ms_mean,link_ms_median,link_ms_stdev,link_ms_cv,link_ms_min,link_ms_max
chain,5,scaly,1,1,93830.2,93830.2,,,93830.2,93830.2,708.4,708.4,,,708.4,708.4,2028.6,2028.6,,,2028.6,2028.6,1792.6,1792.6,,,1792.6,1792.6,295.6,295.6,,,295.6,295.6,51.8,51.8,,,51.8,51.8
chain,5,casadi_sx,1,1,126579.9,126579.9,,,126579.9,126579.9,2344.7,2344.7,,,2344.7,2344.7,381.7,381.7,,,381.7,381.7,31587.0,31587.0,,,31587.0,31587.0,284.6,284.6,,,284.6,284.6,62.6,62.6,,,62.6,62.6
chain,7,scaly,1,1,190422.8,190422.8,,,190422.8,190422.8,1053.8,1053.8,,,1053.8,1053.8,3881.8,3881.8,,,3881.8,3881.8,3688.0,3688.0,,,3688.0,3688.0,316.6,316.6,,,316.6,316.6,52.5,52.5,,,52.5,52.5
chain,7,casadi_sx,1,1,233051.5,233051.5,,,233051.5,233051.5,3974.2,3974.2,,,3974.2,3974.2,665.4,665.4,,,665.4,665.4,82536.8,82536.8,,,82536.8,82536.8,291.5,291.5,,,291.5,291.5,76.8,76.8,,,76.8,76.8
chain,9,scaly,1,1,302088.2,302088.2,,,302088.2,302088.2,1555.3,1555.3,,,1555.3,1555.3,6731.1,6731.1,,,6731.1,6731.1,5374.5,5374.5,,,5374.5,5374.5,337.7,337.7,,,337.7,337.7,54.8,54.8,,,54.8,54.8
chain,9,casadi_sx,1,1,317594.1,317594.1,,,317594.1,317594.1,6291.0,6291.0,,,6291.0,6291.0,936.8,936.8,,,936.8,936.8,153294.1,153294.1,,,153294.1,153294.1,305.3,305.3,,,305.3,305.3,85.9,85.9,,,85.9,85.9
chain,40,scaly,1,0,,,,,,,,,,,,,,,,,,,,,,,,,,,,,,,,,,,,
chain,40,casadi_sx,1,0,,,,,,,,,,,,,,,,,,,,,,,,,,,,,,,,,,,,
chain,200,scaly,1,0,,,,,,,,,,,,,,,,,,,,,,,,,,,,,,,,,,,,
chain,200,casadi_sx,1,0,,,,,,,,,,,,,,,,,,,,,,,,,,,,,,,,,,,,
race_cars,5,scaly,1,1,1149.7,1149.7,,,1149.7,1149.7,141.0,141.0,,,141.0,141.0,207.5,207.5,,,207.5,207.5,123.9,123.9,,,123.9,123.9,270.5,270.5,,,270.5,270.5,54.1,54.1,,,54.1,54.1
race_cars,5,casadi_sx,1,1,1189.2,1189.2,,,1189.2,1189.2,29.8,29.8,,,29.8,29.8,5.3,5.3,,,5.3,5.3,167.3,167.3,,,167.3,167.3,265.8,265.8,,,265.8,265.8,49.0,49.0,,,49.0,49.0
race_cars,7,scaly,1,1,1622.8,1622.8,,,1622.8,1622.8,140.5,140.5,,,140.5,140.5,210.0,210.0,,,210.0,210.0,130.6,130.6,,,130.6,130.6,266.1,266.1,,,266.1,266.1,49.4,49.4,,,49.4,49.4
race_cars,7,casadi_sx,1,1,1627.1,1627.1,,,1627.1,1627.1,38.0,38.0,,,38.0,38.0,6.7,6.7,,,6.7,6.7,221.0,221.0,,,221.0,221.0,265.7,265.7,,,265.7,265.7,48.9,48.9,,,48.9,48.9
race_cars,9,scaly,1,1,2057.2,2057.2,,,2057.2,2057.2,140.1,140.1,,,140.1,140.1,209.9,209.9,,,209.9,209.9,154.1,154.1,,,154.1,154.1,267.3,267.3,,,267.3,267.3,48.9,48.9,,,48.9,48.9
race_cars,9,casadi_sx,1,1,2116.0,2116.0,,,2116.0,2116.0,48.4,48.4,,,48.4,48.4,8.4,8.4,,,8.4,8.4,268.3,268.3,,,268.3,268.3,266.8,266.8,,,266.8,266.8,49.1,49.1,,,49.1,49.1
race_cars,40,scaly,1,1,9329.9,9329.9,,,9329.9,9329.9,144.2,144.2,,,144.2,144.2,212.5,212.5,,,212.5,212.5,147.0,147.0,,,147.0,147.0,266.5,266.5,,,266.5,266.5,49.3,49.3,,,49.3,49.3
race_cars,40,casadi_sx,1,1,10018.4,10018.4,,,10018.4,10018.4,188.6,188.6,,,188.6,188.6,34.0,34.0,,,34.0,34.0,1064.9,1064.9,,,1064.9,1064.9,266.4,266.4,,,266.4,266.4,50.1,50.1,,,50.1,50.1
race_cars,200,scaly,1,1,50137.3,50137.3,,,50137.3,50137.3,162.8,162.8,,,162.8,162.8,225.8,225.8,,,225.8,225.8,117.4,117.4,,,117.4,117.4,273.1,273.1,,,273.1,273.1,49.6,49.6,,,49.6,49.6
race_cars,200,casadi_sx,1,1,50554.1,50554.1,,,50554.1,50554.1,1073.5,1073.5,,,1073.5,1073.5,150.5,150.5,,,150.5,150.5,6513.1,6513.1,,,6513.1,6513.1,270.2,270.2,,,270.2,270.2,55.9,55.9,,,55.9,55.9
