problem,solver,oracle,processes,all_steps_successful,steps,solver_time_ms_mean,solver_time_ms_stdev,solver_time_ms_cv,fe_time_ms_mean,fe_time_ms_stdev,fe_time_ms_cv,qp_time_ms_mean,qp_time_ms_stdev,qp_time_ms_cv,globalization_time_ms_mean,globalization_time_ms_stdev,globalization_time_ms_cv,glue_time_ms_mean,glue_time_ms_stdev,glue_time_ms_cv,iterations_mean,iterations_stdev,iterations_cv,build_ms_mean,build_ms_stdev,build_ms_cv,first_solve_ms_mean,first_solve_ms_stdev,first_solve_ms_cv,steady_step_ms_mean,steady_step_ms_stdev,steady_step_ms_cv
chain,ipopt,scaly,5,True,90,6.776,,0.0021,0.326,,,6.170,,,0.000,,,0.281,,,,,,,,,,,,,,
chain,sqp,casadi,5,True,90,14.425,,0.0028,8.159,,,5.487,,,0.008,,,0.771,,,,,,,,,,,,,,
chain,sqp,scaly,5,True,90,6.267,,0.0054,0.153,,,5.368,,,0.008,,,0.738,,,,,,,,,,,,,,
npmpc,ipopt,casadi,5,True,100,4.482,,0.0045,1.737,,,2.564,,,0.000,,,0.181,,,,,,,,,,,,,,
npmpc,ipopt,scaly,5,True,100,3.609,,0.0201,0.966,,,2.386,,,0.000,,,0.257,,,,,,,,,,,,,,
npmpc,sqp,casadi,5,True,100,1.841,,0.0025,1.029,,,0.686,,,0.004,,,0.121,,,,,,,,,,,,,,
npmpc,sqp,scaly,5,True,100,1.270,,0.0072,0.474,,,0.675,,,0.004,,,0.118,,,,,,,,,,,,,,
race_cars,ipopt,casadi,5,True,1367,4.963,,0.0065,0.379,,,4.372,,,0.000,,,0.212,,,,,,,,,,,,,,
race_cars,ipopt,scaly,5,True,1367,4.714,,0.0108,0.183,,,4.242,,,0.000,,,0.290,,,,,,,,,,,,,,
race_cars,sqp,casadi,5,True,1367,2.668,,0.0081,0.222,,,2.352,,,0.008,,,0.086,,,,,,,,,,,,,,
race_cars,sqp,scaly,5,True,1367,2.489,,0.0074,0.053,,,2.346,,,0.007,,,0.083,,,,,,,,,,,,,,
unbumpercars,ipopt,casadi,5,True,200,146.563,,0.0034,142.032,,,0.000,,,0.000,,,0.278,,,,,,,,,,,,,,
unbumpercars,ipopt,scaly,5,True,200,21.106,,0.0077,17.022,,,0.000,,,0.000,,,0.270,,,,,,,,,,,,,,
unbumpercars,sqp,casadi,5,True,200,106.583,,0.0031,105.222,,,1.307,,,0.011,,,0.044,,,,,,,,,,,,,,
unbumpercars,sqp,scaly,5,True,200,11.331,,0.0174,10.045,,,1.244,,,0.010,,,0.032,,,,,,,,,,,,,,
