workload,size,backend,attempts,successful,runtime_ns_mean,runtime_ns_median,runtime_ns_stdev,runtime_ns_cv,runtime_ns_min,runtime_ns_max,build_ms_mean,build_ms_median,build_ms_stdev,build_ms_cv,build_ms_min,build_ms_max,render_ms_mean,render_ms_median,render_ms_stdev,render_ms_cv,render_ms_min,render_ms_max,kernel_compile_ms_mean,kernel_compile_ms_median,kernel_compile_ms_stdev,kernel_compile_ms_cv,kernel_compile_ms_min,kernel_compile_ms_max,wrapper_compile_ms_mean,wrapper_compile_ms_median,wrapper_compile_ms_stdev,wrapper_compile_ms_cv,wrapper_compile_ms_min,wrapper_compile_ms_max,link_ms_mean,link_ms_median,link_ms_stdev,link_ms_cv,link_ms_min,link_ms_max,executable_bytes_mean,executable_bytes_median,executable_bytes_stdev,executable_bytes_cv,executable_bytes_min,executable_bytes_max
chain,3,scaly,5,5,21810.0,,,0.0102,,,,,,,,,,,,,,,2748.0,,,,,,,,,,,,,,,,,,701062,,,,,
chain,3,casadi_sx,5,5,26052.0,,,0.0026,,,,,,,,,,,,,,,19046.2,,,,,,,,,,,,,,,,,,3330455,,,,,
chain,3,casadi_mx,5,0,,,,,,,,,,,,,,,,,,,,,,,,,,,,,,,,,,,,,,,,,,
chain,3,casadi_call_mx,5,5,180579.0,,,0.0131,,,,,,,,,,,,,,,12958.6,,,,,,,,,,,,,,,,,,602188,,,,,
chain,3,casadi_map_sx,5,5,123867.0,,,0.0086,,,,,,,,,,,,,,,4620.4,,,,,,,,,,,,,,,,,,556793,,,,,
chain,5,scaly,5,5,100037.0,,,0.0036,,,,,,,,,,,,,,,4081.6,,,,,,,,,,,,,,,,,,1544268,,,,,
chain,5,casadi_sx,5,5,82822.0,,,0.01,,,,,,,,,,,,,,,93339.7,,,,,,,,,,,,,,,,,,10330465,,,,,
chain,5,casadi_mx,5,0,,,,,,,,,,,,,,,,,,,,,,,,,,,,,,,,,,,,,,,,,,
chain,5,casadi_call_mx,5,5,839189.0,,,0.017,,,,,,,,,,,,,,,79400.1,,,,,,,,,,,,,,,,,,2097970,,,,,
chain,5,casadi_map_sx,5,5,630884.0,,,0.0082,,,,,,,,,,,,,,,10358.3,,,,,,,,,,,,,,,,,,2561051,,,,,
chain,9,scaly,5,5,282649.0,,,0.0006,,,,,,,,,,,,,,,18748.6,,,,,,,,,,,,,,,,,,3842302,,,,,
chain,9,casadi_sx,5,0,,,,,,,,,,,,,,,,,,,,,,,,,,,,,,,,,,,,,,,,,,
chain,9,casadi_mx,5,0,,,,,,,,,,,,,,,,,,,,,,,,,,,,,,,,,,,,,,,,,,
chain,9,casadi_call_mx,5,0,,,,,,,,,,,,,,,,,,,,,,,,,,,,,,,,,,,,,,,,,,
chain,9,casadi_map_sx,5,5,2473311.0,,,0.0119,,,,,,,,,,,,,,,59732.8,,,,,,,,,,,,,,,,,,9650809,,,,,
npmpc,6,scaly,5,5,12982.0,,,0.0068,,,,,,,,,,,,,,,997.0,,,,,,,,,,,,,,,,,,774894,,,,,
npmpc,6,casadi_sx,5,5,71763.0,,,0.0065,,,,,,,,,,,,,,,104085.3,,,,,,,,,,,,,,,,,,7564935,,,,,
npmpc,6,casadi_mx,5,5,19488.0,,,0.0037,,,,,,,,,,,,,,,5129.3,,,,,,,,,,,,,,,,,,151448,,,,,
npmpc,6,casadi_call_mx,5,5,147167.0,,,0.0147,,,,,,,,,,,,,,,6814.4,,,,,,,,,,,,,,,,,,232343,,,,,
npmpc,6,casadi_map_sx,5,5,199968.0,,,0.0131,,,,,,,,,,,,,,,135897.2,,,,,,,,,,,,,,,,,,4261664,,,,,
npmpc,6,casadi_mx_gemm,5,5,44391.0,,,0.0081,,,,,,,,,,,,,,,2442.9,,,,,,,,,,,,,,,,,,109496,,,,,
npmpc,6,casadi_mx_gemm_classic,5,5,44228.0,,,0.0072,,,,,,,,,,,,,,,2425.2,,,,,,,,,,,,,,,,,,109504,,,,,
npmpc,6,casadi_mx_gemm_blasfeo,5,5,44588.0,,,0.0116,,,,,,,,,,,,,,,2473.4,,,,,,,,,,,,,,,,,,109504,,,,,
npmpc,12,scaly,5,5,22786.0,,,0.0497,,,,,,,,,,,,,,,1606.3,,,,,,,,,,,,,,,,,,781549,,,,,
npmpc,12,casadi_sx,5,0,,,,,,,,,,,,,,,,,,,,,,,,,,,,,,,,,,,,,,,,,,
npmpc,12,casadi_mx,5,5,40525.0,,,0.0058,,,,,,,,,,,,,,,12782.8,,,,,,,,,,,,,,,,,,276488,,,,,
npmpc,12,casadi_call_mx,5,5,298999.0,,,0.0138,,,,,,,,,,,,,,,10393.8,,,,,,,,,,,,,,,,,,371542,,,,,
npmpc,12,casadi_map_sx,5,5,465755.0,,,0.0151,,,,,,,,,,,,,,,178409.5,,,,,,,,,,,,,,,,,,5788748,,,,,
npmpc,12,casadi_mx_gemm,5,5,100771.0,,,0.0068,,,,,,,,,,,,,,,5218.9,,,,,,,,,,,,,,,,,,189660,,,,,
npmpc,12,casadi_mx_gemm_classic,5,5,101666.0,,,0.0111,,,,,,,,,,,,,,,5250.0,,,,,,,,,,,,,,,,,,189668,,,,,
npmpc,12,casadi_mx_gemm_blasfeo,5,5,102873.0,,,0.0083,,,,,,,,,,,,,,,5130.8,,,,,,,,,,,,,,,,,,189668,,,,,
npmpc,25,scaly,5,5,45339.0,,,0.0087,,,,,,,,,,,,,,,1670.1,,,,,,,,,,,,,,,,,,779043,,,,,
npmpc,25,casadi_sx,5,0,,,,,,,,,,,,,,,,,,,,,,,,,,,,,,,,,,,,,,,,,,
npmpc,25,casadi_mx,5,5,91355.0,,,0.0791,,,,,,,,,,,,,,,41425.1,,,,,,,,,,,,,,,,,,545609,,,,,
npmpc,25,casadi_call_mx,5,5,617398.0,,,0.0084,,,,,,,,,,,,,,,11497.3,,,,,,,,,,,,,,,,,,424096,,,,,
npmpc,25,casadi_map_sx,5,5,998692.0,,,0.0094,,,,,,,,,,,,,,,175973.1,,,,,,,,,,,,,,,,,,7858327,,,,,
npmpc,25,casadi_mx_gemm,5,5,212648.0,,,0.0114,,,,,,,,,,,,,,,8287.7,,,,,,,,,,,,,,,,,,343012,,,,,
npmpc,25,casadi_mx_gemm_classic,5,5,212740.0,,,0.01,,,,,,,,,,,,,,,8278.6,,,,,,,,,,,,,,,,,,343020,,,,,
npmpc,25,casadi_mx_gemm_blasfeo,5,5,213613.0,,,0.0186,,,,,,,,,,,,,,,8299.6,,,,,,,,,,,,,,,,,,343020,,,,,
npmpc,50,scaly,5,5,93701.0,,,0.008,,,,,,,,,,,,,,,1717.2,,,,,,,,,,,,,,,,,,781656,,,,,
npmpc,50,casadi_sx,5,0,,,,,,,,,,,,,,,,,,,,,,,,,,,,,,,,,,,,,,,,,,
npmpc,50,casadi_mx,5,5,169963.0,,,0.0009,,,,,,,,,,,,,,,166891.6,,,,,,,,,,,,,,,,,,1063583,,,,,
npmpc,50,casadi_call_mx,5,5,1234066.0,,,0.0025,,,,,,,,,,,,,,,13544.1,,,,,,,,,,,,,,,,,,520231,,,,,
npmpc,50,casadi_map_sx,5,0,,,,,,,,,,,,,,,,,,,,,,,,,,,,,,,,,,,,,,,,,,
npmpc,50,casadi_mx_gemm,5,5,431233.0,,,0.0033,,,,,,,,,,,,,,,25791.5,,,,,,,,,,,,,,,,,,638917,,,,,
npmpc,50,casadi_mx_gemm_classic,5,5,437764.0,,,0.0144,,,,,,,,,,,,,,,25877.9,,,,,,,,,,,,,,,,,,638925,,,,,
npmpc,50,casadi_mx_gemm_blasfeo,5,5,431615.0,,,0.0035,,,,,,,,,,,,,,,25947.2,,,,,,,,,,,,,,,,,,638925,,,,,
npmpc,100,scaly,5,5,143361.0,,,0.0077,,,,,,,,,,,,,,,1750.7,,,,,,,,,,,,,,,,,,788167,,,,,
npmpc,100,casadi_sx,5,0,,,,,,,,,,,,,,,,,,,,,,,,,,,,,,,,,,,,,,,,,,
npmpc,100,casadi_mx,5,0,,,,,,,,,,,,,,,,,,,,,,,,,,,,,,,,,,,,,,,,,,
npmpc,100,casadi_call_mx,5,5,2462045.0,,,0.0034,,,,,,,,,,,,,,,21270.5,,,,,,,,,,,,,,,,,,712196,,,,,
npmpc,100,casadi_map_sx,5,0,,,,,,,,,,,,,,,,,,,,,,,,,,,,,,,,,,,,,,,,,,
npmpc,100,casadi_mx_gemm,5,5,882141.0,,,0.0067,,,,,,,,,,,,,,,92099.4,,,,,,,,,,,,,,,,,,1232183,,,,,
npmpc,100,casadi_mx_gemm_classic,5,5,883475.0,,,0.0119,,,,,,,,,,,,,,,93788.5,,,,,,,,,,,,,,,,,,1232191,,,,,
npmpc,100,casadi_mx_gemm_blasfeo,5,5,881117.0,,,0.0105,,,,,,,,,,,,,,,92053.8,,,,,,,,,,,,,,,,,,1232191,,,,,
npmpc,200,scaly,5,5,235705.0,,,0.012,,,,,,,,,,,,,,,1061.1,,,,,,,,,,,,,,,,,,788359,,,,,
npmpc,200,casadi_sx,5,0,,,,,,,,,,,,,,,,,,,,,,,,,,,,,,,,,,,,,,,,,,
npmpc,200,casadi_mx,5,0,,,,,,,,,,,,,,,,,,,,,,,,,,,,,,,,,,,,,,,,,,
npmpc,200,casadi_call_mx,5,5,4977875.0,,,0.0113,,,,,,,,,,,,,,,51694.3,,,,,,,,,,,,,,,,,,1127544,,,,,
npmpc,200,casadi_map_sx,5,0,,,,,,,,,,,,,,,,,,,,,,,,,,,,,,,,,,,,,,,,,,
npmpc,200,casadi_mx_gemm,5,0,,,,,,,,,,,,,,,,,,,,,,,,,,,,,,,,,,,,,,,,,,
npmpc,200,casadi_mx_gemm_classic,5,0,,,,,,,,,,,,,,,,,,,,,,,,,,,,,,,,,,,,,,,,,,
npmpc,200,casadi_mx_gemm_blasfeo,5,0,,,,,,,,,,,,,,,,,,,,,,,,,,,,,,,,,,,,,,,,,,
race_cars,1,scaly,5,5,360.0,,,0.0083,,,,,,,,,,,,,,,189.3,,,,,,,,,,,,,,,,,,22909,,,,,
race_cars,1,casadi_sx,5,5,400.0,,,0.006,,,,,,,,,,,,,,,168.8,,,,,,,,,,,,,,,,,,25755,,,,,
race_cars,1,casadi_mx,5,5,506.0,,,0.0019,,,,,,,,,,,,,,,397.8,,,,,,,,,,,,,,,,,,95400,,,,,
race_cars,1,casadi_call_mx,5,5,953.0,,,0.0087,,,,,,,,,,,,,,,792.8,,,,,,,,,,,,,,,,,,228004,,,,,
race_cars,1,casadi_map_sx,5,5,766.0,,,0.0059,,,,,,,,,,,,,,,398.9,,,,,,,,,,,,,,,,,,94438,,,,,
race_cars,5,scaly,5,5,861.0,,,0.0078,,,,,,,,,,,,,,,310.3,,,,,,,,,,,,,,,,,,119368,,,,,
race_cars,5,casadi_sx,5,5,1936.0,,,0.0057,,,,,,,,,,,,,,,340.9,,,,,,,,,,,,,,,,,,107717,,,,,
race_cars,5,casadi_mx,5,5,2806.0,,,0.0071,,,,,,,,,,,,,,,1766.3,,,,,,,,,,,,,,,,,,441760,,,,,
race_cars,5,casadi_call_mx,5,5,5045.0,,,0.0085,,,,,,,,,,,,,,,1814.0,,,,,,,,,,,,,,,,,,248703,,,,,
race_cars,5,casadi_map_sx,5,5,5312.0,,,0.0061,,,,,,,,,,,,,,,1991.4,,,,,,,,,,,,,,,,,,120288,,,,,
race_cars,10,scaly,5,5,1036.0,,,0.011,,,,,,,,,,,,,,,326.7,,,,,,,,,,,,,,,,,,120390,,,,,
race_cars,10,casadi_sx,5,5,3810.0,,,0.001,,,,,,,,,,,,,,,576.8,,,,,,,,,,,,,,,,,,209958,,,,,
race_cars,10,casadi_mx,5,5,5703.0,,,0.0108,,,,,,,,,,,,,,,4316.3,,,,,,,,,,,,,,,,,,879492,,,,,
race_cars,10,casadi_call_mx,5,5,9893.0,,,0.0077,,,,,,,,,,,,,,,2549.4,,,,,,,,,,,,,,,,,,269955,,,,,
race_cars,10,casadi_map_sx,5,5,10337.0,,,0.006,,,,,,,,,,,,,,,1952.4,,,,,,,,,,,,,,,,,,142699,,,,,
race_cars,25,scaly,5,5,2015.0,,,0.0234,,,,,,,,,,,,,,,461.8,,,,,,,,,,,,,,,,,,120448,,,,,
race_cars,25,casadi_sx,5,5,9640.0,,,0.0062,,,,,,,,,,,,,,,1325.8,,,,,,,,,,,,,,,,,,516870,,,,,
race_cars,25,casadi_mx,5,5,14271.0,,,0.0069,,,,,,,,,,,,,,,23502.9,,,,,,,,,,,,,,,,,,2360004,,,,,
race_cars,25,casadi_call_mx,5,5,25095.0,,,0.0232,,,,,,,,,,,,,,,2029.3,,,,,,,,,,,,,,,,,,334019,,,,,
race_cars,25,casadi_map_sx,5,5,25751.0,,,0.0087,,,,,,,,,,,,,,,1158.5,,,,,,,,,,,,,,,,,,206150,,,,,
race_cars,40,scaly,5,5,3021.0,,,0.0311,,,,,,,,,,,,,,,459.7,,,,,,,,,,,,,,,,,,120448,,,,,
race_cars,40,casadi_sx,5,5,15525.0,,,0.0039,,,,,,,,,,,,,,,2091.0,,,,,,,,,,,,,,,,,,823845,,,,,
race_cars,40,casadi_mx,5,5,23047.0,,,0.0064,,,,,,,,,,,,,,,61333.5,,,,,,,,,,,,,,,,,,3799659,,,,,
race_cars,40,casadi_call_mx,5,5,39922.0,,,0.0129,,,,,,,,,,,,,,,2568.5,,,,,,,,,,,,,,,,,,398502,,,,,
race_cars,40,casadi_map_sx,5,5,41497.0,,,0.0032,,,,,,,,,,,,,,,1274.9,,,,,,,,,,,,,,,,,,273406,,,,,
race_cars,50,scaly,5,5,3495.0,,,0.015,,,,,,,,,,,,,,,370.1,,,,,,,,,,,,,,,,,,120448,,,,,
race_cars,50,casadi_sx,5,5,19405.0,,,0.0026,,,,,,,,,,,,,,,2681.9,,,,,,,,,,,,,,,,,,1028495,,,,,
race_cars,50,casadi_mx,5,5,28989.0,,,0.0083,,,,,,,,,,,,,,,100443.8,,,,,,,,,,,,,,,,,,4762326,,,,,
race_cars,50,casadi_call_mx,5,5,49855.0,,,0.01,,,,,,,,,,,,,,,7373.2,,,,,,,,,,,,,,,,,,441709,,,,,
race_cars,50,casadi_map_sx,5,5,51736.0,,,0.0012,,,,,,,,,,,,,,,5457.8,,,,,,,,,,,,,,,,,,318176,,,,,
race_cars,100,scaly,5,5,6940.0,,,0.0566,,,,,,,,,,,,,,,438.2,,,,,,,,,,,,,,,,,,121470,,,,,
race_cars,100,casadi_sx,5,5,39596.0,,,0.0138,,,,,,,,,,,,,,,6007.0,,,,,,,,,,,,,,,,,,2052051,,,,,
race_cars,100,casadi_mx,5,0,,,,,,,,,,,,,,,,,,,,,,,,,,,,,,,,,,,,,,,,,,
race_cars,100,casadi_call_mx,5,5,99014.0,,,0.0099,,,,,,,,,,,,,,,7534.7,,,,,,,,,,,,,,,,,,679651,,,,,
race_cars,100,casadi_map_sx,5,5,104994.0,,,0.0087,,,,,,,,,,,,,,,3368.6,,,,,,,,,,,,,,,,,,543857,,,,,
race_cars,200,scaly,5,5,12502.0,,,0.0169,,,,,,,,,,,,,,,465.7,,,,,,,,,,,,,,,,,,121506,,,,,
race_cars,200,casadi_sx,5,5,81206.0,,,0.0039,,,,,,,,,,,,,,,14528.0,,,,,,,,,,,,,,,,,,4100194,,,,,
race_cars,200,casadi_mx,5,0,,,,,,,,,,,,,,,,,,,,,,,,,,,,,,,,,,,,,,,,,,
race_cars,200,casadi_call_mx,5,5,199731.0,,,0.0092,,,,,,,,,,,,,,,19814.4,,,,,,,,,,,,,,,,,,1143240,,,,,
race_cars,200,casadi_map_sx,5,5,213451.0,,,0.0081,,,,,,,,,,,,,,,6802.8,,,,,,,,,,,,,,,,,,1030885,,,,,
race_cars,500,scaly,5,5,32178.0,,,0.1073,,,,,,,,,,,,,,,459.1,,,,,,,,,,,,,,,,,,121528,,,,,
race_cars,500,casadi_sx,5,5,206559.0,,,0.0177,,,,,,,,,,,,,,,50453.0,,,,,,,,,,,,,,,,,,10246853,,,,,
race_cars,500,casadi_mx,5,0,,,,,,,,,,,,,,,,,,,,,,,,,,,,,,,,,,,,,,,,,,
race_cars,500,casadi_call_mx,5,5,516982.0,,,0.0102,,,,,,,,,,,,,,,119497.8,,,,,,,,,,,,,,,,,,2552822,,,,,
race_cars,500,casadi_map_sx,5,5,546787.0,,,0.0063,,,,,,,,,,,,,,,32146.4,,,,,,,,,,,,,,,,,,2535806,,,,,
unbumpercars,2,scaly,5,5,185986.0,,,0.0074,,,,,,,,,,,,,,,1586.8,,,,,,,,,,,,,,,,,,1552718,,,,,
unbumpercars,2,casadi_sx,5,0,,,,,,,,,,,,,,,,,,,,,,,,,,,,,,,,,,,,,,,,,,
unbumpercars,2,casadi_mx,5,5,962702.0,,,0.01,,,,,,,,,,,,,,,2313.4,,,,,,,,,,,,,,,,,,110035,,,,,
unbumpercars,2,casadi_mx_gemm,5,5,1079089.0,,,0.0099,,,,,,,,,,,,,,,2277.8,,,,,,,,,,,,,,,,,,124566,,,,,
unbumpercars,2,casadi_mx_gemm_classic,5,5,1071109.0,,,0.0093,,,,,,,,,,,,,,,2251.6,,,,,,,,,,,,,,,,,,124574,,,,,
unbumpercars,2,casadi_mx_gemm_blasfeo,5,5,1075932.0,,,0.0094,,,,,,,,,,,,,,,2252.7,,,,,,,,,,,,,,,,,,124574,,,,,
unbumpercars,4,scaly,5,5,215733.0,,,0.0078,,,,,,,,,,,,,,,3594.4,,,,,,,,,,,,,,,,,,1899224,,,,,
unbumpercars,4,casadi_sx,5,0,,,,,,,,,,,,,,,,,,,,,,,,,,,,,,,,,,,,,,,,,,
unbumpercars,4,casadi_mx,5,5,3040587.0,,,0.0089,,,,,,,,,,,,,,,7524.7,,,,,,,,,,,,,,,,,,361999,,,,,
unbumpercars,4,casadi_mx_gemm,5,5,3756188.0,,,0.0056,,,,,,,,,,,,,,,5094.6,,,,,,,,,,,,,,,,,,629111,,,,,
unbumpercars,4,casadi_mx_gemm_classic,5,5,3803001.0,,,0.0191,,,,,,,,,,,,,,,5102.2,,,,,,,,,,,,,,,,,,629119,,,,,
unbumpercars,4,casadi_mx_gemm_blasfeo,5,5,3746231.0,,,0.007,,,,,,,,,,,,,,,5070.8,,,,,,,,,,,,,,,,,,629119,,,,,
unbumpercars,8,scaly,5,5,484377.0,,,0.006,,,,,,,,,,,,,,,10377.4,,,,,,,,,,,,,,,,,,2286594,,,,,
unbumpercars,8,casadi_sx,5,0,,,,,,,,,,,,,,,,,,,,,,,,,,,,,,,,,,,,,,,,,,
unbumpercars,8,casadi_mx,5,5,10747810.0,,,0.0103,,,,,,,,,,,,,,,52872.1,,,,,,,,,,,,,,,,,,1327412,,,,,
unbumpercars,8,casadi_mx_gemm,5,5,14052266.0,,,0.0117,,,,,,,,,,,,,,,35142.3,,,,,,,,,,,,,,,,,,4569620,,,,,
unbumpercars,8,casadi_mx_gemm_classic,5,5,14208064.0,,,0.0259,,,,,,,,,,,,,,,35025.2,,,,,,,,,,,,,,,,,,4569628,,,,,
unbumpercars,8,casadi_mx_gemm_blasfeo,5,5,14121109.0,,,0.0057,,,,,,,,,,,,,,,35270.1,,,,,,,,,,,,,,,,,,4569628,,,,,
unbumpercars,16,scaly,5,5,1422562.0,,,0.0167,,,,,,,,,,,,,,,27255.9,,,,,,,,,,,,,,,,,,3087153,,,,,
unbumpercars,16,casadi_sx,5,0,,,,,,,,,,,,,,,,,,,,,,,,,,,,,,,,,,,,,,,,,,
unbumpercars,16,casadi_mx,5,0,,,,,,,,,,,,,,,,,,,,,,,,,,,,,,,,,,,,,,,,,,
unbumpercars,16,casadi_mx_gemm,5,0,,,,,,,,,,,,,,,,,,,,,,,,,,,,,,,,,,,,,,,,,,
unbumpercars,16,casadi_mx_gemm_classic,5,0,,,,,,,,,,,,,,,,,,,,,,,,,,,,,,,,,,,,,,,,,,
unbumpercars,16,casadi_mx_gemm_blasfeo,5,0,,,,,,,,,,,,,,,,,,,,,,,,,,,,,,,,,,,,,,,,,,
unbumpercars,32,scaly,5,5,6245988.0,,,0.0051,,,,,,,,,,,,,,,40939.1,,,,,,,,,,,,,,,,,,4667865,,,,,
unbumpercars,32,casadi_sx,5,0,,,,,,,,,,,,,,,,,,,,,,,,,,,,,,,,,,,,,,,,,,
unbumpercars,32,casadi_mx,5,0,,,,,,,,,,,,,,,,,,,,,,,,,,,,,,,,,,,,,,,,,,
unbumpercars,32,casadi_mx_gemm,5,0,,,,,,,,,,,,,,,,,,,,,,,,,,,,,,,,,,,,,,,,,,
unbumpercars,32,casadi_mx_gemm_classic,5,0,,,,,,,,,,,,,,,,,,,,,,,,,,,,,,,,,,,,,,,,,,
unbumpercars,32,casadi_mx_gemm_blasfeo,5,0,,,,,,,,,,,,,,,,,,,,,,,,,,,,,,,,,,,,,,,,,,
